[
  {
    "value": "Hamburger",
    "synonyms": [
      "Hamburger"
    ]
  },
  {
    "value": "hot dog",
    "synonyms": [
      "hot dog"
    ]
  },
  {
    "value": "fries",
    "synonyms": [
      "fries"
    ]
  },
  {
    "value": "frech fries",
    "synonyms": [
      "frech fries",
      "fries"
    ]
  },
  {
    "value": "pizza",
    "synonyms": [
      "pizza"
    ]
  },
  {
    "value": "tacos",
    "synonyms": [
      "tacos"
    ]
  },
  {
    "value": "beef tacos",
    "synonyms": [
      "beef tacos"
    ]
  },
  {
    "value": "chocolate cake",
    "synonyms": [
      "chocolate cake"
    ]
  },
  {
    "value": "cake",
    "synonyms": [
      "cake"
    ]
  },
  {
    "value": "steak",
    "synonyms": [
      "steak"
    ]
  },
  {
    "value": "ice cream",
    "synonyms": [
      "ice cream"
    ]
  },
  {
    "value": "salad",
    "synonyms": [
      "salad"
    ]
  },
  {
    "value": "coffee",
    "synonyms": [
      "coffee"
    ]
  },
  {
    "value": "prawns",
    "synonyms": [
      "sanwithc"
    ]
  },
  {
    "value": "cheese",
    "synonyms": [
      "cheese"
    ]
  },
  {
    "value": "ribs",
    "synonyms": [
      "ribs"
    ]
  },
  {
    "value": "chicken wings",
    "synonyms": [
      "chicken wings"
    ]
  },
  {
    "value": "chicken chest",
    "synonyms": [
      "chicken chest"
    ]
  },
  {
    "value": "wine",
    "synonyms": [
      "wine"
    ]
  },
  {
    "value": "beer",
    "synonyms": [
      "beer"
    ]
  }
]