[
  {
    "value": "Single",
    "synonyms": [
      "Single"
    ]
  },
  {
    "value": "Double",
    "synonyms": [
      "Double"
    ]
  },
  {
    "value": "Triple",
    "synonyms": [
      "Triple"
    ]
  },
  {
    "value": "King",
    "synonyms": [
      "King"
    ]
  },
  {
    "value": "Twin",
    "synonyms": [
      "Twin"
    ]
  },
  {
    "value": "Queen",
    "synonyms": [
      "Queen"
    ]
  },
  {
    "value": "Studio",
    "synonyms": [
      "Studio"
    ]
  },
  {
    "value": "Suites",
    "synonyms": [
      "Suites"
    ]
  }
]