[
  {
    "id": "9e16429e-311d-4060-b1ac-e161fb84566d",
    "data": [
      {
        "text": "quit game",
        "userDefined": false
      }
    ],
    "isTemplate": false,
    "count": 0,
    "lang": "en",
    "updated": 0
  },
  {
    "id": "1bd3823c-b829-4357-8187-f92b7fc3cf56",
    "data": [
      {
        "text": "i want to quit",
        "userDefined": false
      }
    ],
    "isTemplate": false,
    "count": 0,
    "lang": "en",
    "updated": 0
  },
  {
    "id": "215c6194-b82f-4521-8d40-5c9202e9394f",
    "data": [
      {
        "text": "quit",
        "userDefined": false
      }
    ],
    "isTemplate": false,
    "count": 0,
    "lang": "en",
    "updated": 0
  }
]