[
  {
    "id": "e64589a8-f4bb-4df5-9a4b-3753f582db4d",
    "data": [
      {
        "text": "let us start",
        "userDefined": false
      }
    ],
    "isTemplate": false,
    "count": 0,
    "lang": "en",
    "updated": 0
  },
  {
    "id": "1bad6e79-1b08-4248-b498-4810703ef9ac",
    "data": [
      {
        "text": "can i start",
        "userDefined": false
      }
    ],
    "isTemplate": false,
    "count": 0,
    "lang": "en",
    "updated": 0
  },
  {
    "id": "8bfa48f2-1af4-432c-8ad1-cc460bf4b5df",
    "data": [
      {
        "text": "start the game please",
        "userDefined": false
      }
    ],
    "isTemplate": false,
    "count": 0,
    "lang": "en",
    "updated": 0
  },
  {
    "id": "91090cac-c090-4d46-8391-d41e3a0025e4",
    "data": [
      {
        "text": "i want to play game",
        "userDefined": false
      }
    ],
    "isTemplate": false,
    "count": 0,
    "lang": "en",
    "updated": 0
  },
  {
    "id": "952567ba-87e6-4b67-a5ca-fc260e061eef",
    "data": [
      {
        "text": "start",
        "userDefined": false
      }
    ],
    "isTemplate": false,
    "count": 0,
    "lang": "en",
    "updated": 0
  }
]