[
  {
    "id": "c78cced4-9cd6-48a6-b68d-7af9d3bce5bf",
    "data": [
      {
        "text": "can i go back",
        "userDefined": false
      }
    ],
    "isTemplate": false,
    "count": 0,
    "lang": "en",
    "updated": 0
  },
  {
    "id": "f76938aa-ed6f-4e3c-ae0b-9ca17cd774ec",
    "data": [
      {
        "text": "can i return back",
        "userDefined": false
      }
    ],
    "isTemplate": false,
    "count": 0,
    "lang": "en",
    "updated": 0
  },
  {
    "id": "1fdba0c9-551e-42b8-8312-ca5a3a3dd8cb",
    "data": [
      {
        "text": "could you please return back",
        "userDefined": false
      }
    ],
    "isTemplate": false,
    "count": 0,
    "lang": "en",
    "updated": 0
  },
  {
    "id": "8375c825-faaf-476d-b063-319aa526c4ca",
    "data": [
      {
        "text": "i want to go back",
        "userDefined": false
      }
    ],
    "isTemplate": false,
    "count": 0,
    "lang": "en",
    "updated": 0
  },
  {
    "id": "f328d865-45ae-4910-9255-672098a3b4ac",
    "data": [
      {
        "text": "i want to return back",
        "userDefined": false
      }
    ],
    "isTemplate": false,
    "count": 0,
    "lang": "en",
    "updated": 0
  },
  {
    "id": "d83f931c-41ec-4ebf-957a-ae2f7b21a1dc",
    "data": [
      {
        "text": "go back please",
        "userDefined": false
      }
    ],
    "isTemplate": false,
    "count": 0,
    "lang": "en",
    "updated": 0
  },
  {
    "id": "fa26f900-3b9f-4097-8455-bfd4bf7adc63",
    "data": [
      {
        "text": "go back",
        "userDefined": false
      }
    ],
    "isTemplate": false,
    "count": 0,
    "lang": "en",
    "updated": 0
  },
  {
    "id": "94aea10f-3f20-4daa-99d8-580b89c2c162",
    "data": [
      {
        "text": "return back",
        "userDefined": false
      }
    ],
    "isTemplate": false,
    "count": 0,
    "lang": "en",
    "updated": 0
  },
  {
    "id": "70e46400-768e-425e-8a23-9aab246f0c65",
    "data": [
      {
        "text": "return",
        "userDefined": false
      }
    ],
    "isTemplate": false,
    "count": 0,
    "lang": "en",
    "updated": 0
  }
]