[
  {
    "id": "9c5117e3-69c8-456e-8a5f-9acca2b2d73a",
    "data": [
      {
        "text": "what is the phone number",
        "userDefined": false
      }
    ],
    "isTemplate": false,
    "count": 0,
    "lang": "en",
    "updated": 0
  },
  {
    "id": "310765be-6691-4a50-88b4-1c44522c27be",
    "data": [
      {
        "text": "what is email",
        "userDefined": false
      }
    ],
    "isTemplate": false,
    "count": 0,
    "lang": "en",
    "updated": 0
  },
  {
    "id": "b1065fa3-494f-4c7f-8b1e-8b3bb4b000b1",
    "data": [
      {
        "text": "what is location",
        "userDefined": false
      }
    ],
    "isTemplate": false,
    "count": 0,
    "lang": "en",
    "updated": 0
  },
  {
    "id": "5ee33e6e-dbcc-4f8c-a398-24a80f02d4f7",
    "data": [
      {
        "text": "what is address",
        "userDefined": false
      }
    ],
    "isTemplate": false,
    "count": 0,
    "lang": "en",
    "updated": 0
  },
  {
    "id": "322b2fc4-ad52-4d36-a756-525702358f1c",
    "data": [
      {
        "text": "How can I contact the hotel",
        "userDefined": false
      }
    ],
    "isTemplate": false,
    "count": 0,
    "lang": "en",
    "updated": 0
  },
  {
    "id": "258c2d34-fb47-46cd-be1e-e3310434f39b",
    "data": [
      {
        "text": "can I have some information about the hotel",
        "userDefined": false
      }
    ],
    "isTemplate": false,
    "count": 0,
    "lang": "en",
    "updated": 0
  },
  {
    "id": "630c143a-2e9b-4ba2-b584-a72a2cea9f9d",
    "data": [
      {
        "text": "please tell something about the hotel",
        "userDefined": false
      }
    ],
    "isTemplate": false,
    "count": 0,
    "lang": "en",
    "updated": 0
  },
  {
    "id": "1b52124f-4be7-45ef-a123-3aea391349c9",
    "data": [
      {
        "text": "could you please introduce the hotel",
        "userDefined": false
      }
    ],
    "isTemplate": false,
    "count": 0,
    "lang": "en",
    "updated": 0
  },
  {
    "id": "f123af86-294a-4fa9-8262-476480b604b3",
    "data": [
      {
        "text": "Hotel info",
        "userDefined": false
      }
    ],
    "isTemplate": false,
    "count": 0,
    "lang": "en",
    "updated": 0
  },
  {
    "id": "06b6ddec-fe4d-4025-b99f-ae7f7b5e63e0",
    "data": [
      {
        "text": "could you give me some information about the hotel",
        "userDefined": false
      }
    ],
    "isTemplate": false,
    "count": 0,
    "lang": "en",
    "updated": 0
  }
]