[
  {
    "id": "b0e3150d-3ab1-494f-974d-072f61f770b4",
    "data": [
      {
        "text": "how about facilities",
        "userDefined": false
      }
    ],
    "isTemplate": false,
    "count": 0,
    "lang": "en",
    "updated": 0
  },
  {
    "id": "ca38162a-1a0f-4273-b993-2c83b868a425",
    "data": [
      {
        "text": "how about amenities",
        "userDefined": false
      }
    ],
    "isTemplate": false,
    "count": 0,
    "lang": "en",
    "updated": 0
  },
  {
    "id": "6e8557f5-d1de-4ecb-9417-6e357c561829",
    "data": [
      {
        "text": "how about amenities and facilities",
        "userDefined": false
      }
    ],
    "isTemplate": false,
    "count": 0,
    "lang": "en",
    "updated": 0
  },
  {
    "id": "821e8b0d-7f59-4be6-93ec-e1fa6af588c9",
    "data": [
      {
        "text": "i want to know amentities",
        "userDefined": false
      }
    ],
    "isTemplate": false,
    "count": 0,
    "lang": "en",
    "updated": 0
  },
  {
    "id": "a5568af5-f190-4807-a774-47f74e0a70de",
    "data": [
      {
        "text": "what facilities do you have",
        "userDefined": false
      }
    ],
    "isTemplate": false,
    "count": 0,
    "lang": "en",
    "updated": 0
  },
  {
    "id": "21056bab-58ec-4c5e-a4e1-ed2c553d0a29",
    "data": [
      {
        "text": "what amenities do you have",
        "userDefined": false
      }
    ],
    "isTemplate": false,
    "count": 0,
    "lang": "en",
    "updated": 0
  },
  {
    "id": "c9efc44a-b474-4c13-b95d-330e4c74041a",
    "data": [
      {
        "text": "i want to know amenities",
        "userDefined": false
      }
    ],
    "isTemplate": false,
    "count": 0,
    "lang": "en",
    "updated": 0
  },
  {
    "id": "9d0231d3-60e0-403b-8f19-d9e95bf524db",
    "data": [
      {
        "text": "could you please tell me about amenities at the  hotel",
        "userDefined": false
      }
    ],
    "isTemplate": false,
    "count": 0,
    "lang": "en",
    "updated": 0
  },
  {
    "id": "698158cc-3c04-4b99-a28e-fec3435ed7bc",
    "data": [
      {
        "text": "can I have some information about amenities",
        "userDefined": false
      }
    ],
    "isTemplate": false,
    "count": 0,
    "lang": "en",
    "updated": 0
  },
  {
    "id": "74b5edcc-b08c-4a8f-b60b-de15ea1a3c51",
    "data": [
      {
        "text": "give me some information about the amenities",
        "userDefined": false
      }
    ],
    "isTemplate": false,
    "count": 0,
    "lang": "en",
    "updated": 0
  },
  {
    "id": "ac858492-ee3c-422a-8029-51116535afc8",
    "data": [
      {
        "text": "please give me some information about amenities",
        "userDefined": false
      }
    ],
    "isTemplate": false,
    "count": 0,
    "lang": "en",
    "updated": 0
  },
  {
    "id": "b5f526bd-9957-4bfc-b9e7-e3e91eea3c09",
    "data": [
      {
        "text": "please tell me amenities",
        "userDefined": false
      }
    ],
    "isTemplate": false,
    "count": 0,
    "lang": "en",
    "updated": 0
  },
  {
    "id": "e76e7261-0752-47ab-841a-9d11a0a207cf",
    "data": [
      {
        "text": "Amenities and facilities",
        "userDefined": false
      }
    ],
    "isTemplate": false,
    "count": 0,
    "lang": "en",
    "updated": 0
  }
]