[
  {
    "id": "25bcbe91-c2aa-4010-9194-1a16bb248d43",
    "data": [
      {
        "text": "other serices",
        "userDefined": false
      }
    ],
    "isTemplate": false,
    "count": 0,
    "lang": "en",
    "updated": 0
  },
  {
    "id": "938b1d38-6e61-4e72-aedc-3655dd3f2e39",
    "data": [
      {
        "text": "would you please reurn",
        "userDefined": false
      }
    ],
    "isTemplate": false,
    "count": 0,
    "lang": "en",
    "updated": 0
  },
  {
    "id": "ec0b5a0c-4cf1-4bbc-876c-cfe5bcaa1652",
    "data": [
      {
        "text": "go back please",
        "userDefined": false
      }
    ],
    "isTemplate": false,
    "count": 0,
    "lang": "en",
    "updated": 0
  },
  {
    "id": "4ad8f854-c95c-4ce3-b684-2dfe601f2ed9",
    "data": [
      {
        "text": "return please",
        "userDefined": false
      }
    ],
    "isTemplate": false,
    "count": 0,
    "lang": "en",
    "updated": 0
  },
  {
    "id": "4051b242-bc0c-4429-a9ba-6731c48a8ea5",
    "data": [
      {
        "text": "can I go back",
        "userDefined": false
      }
    ],
    "isTemplate": false,
    "count": 0,
    "lang": "en",
    "updated": 0
  },
  {
    "id": "806f3e7f-7108-441d-a2d3-a98ce016cdef",
    "data": [
      {
        "text": "can I return?",
        "userDefined": false
      }
    ],
    "isTemplate": false,
    "count": 0,
    "lang": "en",
    "updated": 0
  },
  {
    "id": "3aac879d-1aaf-42c6-8861-88433c17adb3",
    "data": [
      {
        "text": "go back",
        "userDefined": false
      }
    ],
    "isTemplate": false,
    "count": 0,
    "lang": "en",
    "updated": 0
  },
  {
    "id": "72466dd3-78f3-4f49-ab2b-d4fbae7f602f",
    "data": [
      {
        "text": "return",
        "userDefined": false
      }
    ],
    "isTemplate": false,
    "count": 0,
    "lang": "en",
    "updated": 0
  }
]