[
  {
    "id": "8571cfc2-bbe2-45c1-a5f3-bab88aa7b7e3",
    "data": [
      {
        "text": "return back",
        "userDefined": false
      }
    ],
    "isTemplate": false,
    "count": 0,
    "lang": "en",
    "updated": 0
  },
  {
    "id": "7652fe6d-b28e-4f4f-aabb-adeb90543193",
    "data": [
      {
        "text": "please reurn",
        "userDefined": false
      }
    ],
    "isTemplate": false,
    "count": 0,
    "lang": "en",
    "updated": 0
  },
  {
    "id": "997ff130-3350-4a35-8076-7779f91a687b",
    "data": [
      {
        "text": "please go back",
        "userDefined": false
      }
    ],
    "isTemplate": false,
    "count": 0,
    "lang": "en",
    "updated": 0
  },
  {
    "id": "2a73b0fb-ac1a-4212-981b-d0079c9d3ac7",
    "data": [
      {
        "text": "go back",
        "userDefined": false
      }
    ],
    "isTemplate": false,
    "count": 0,
    "lang": "en",
    "updated": 0
  },
  {
    "id": "04200b16-ec09-4959-ba6b-269993dcf1c6",
    "data": [
      {
        "text": "return",
        "userDefined": false
      }
    ],
    "isTemplate": false,
    "count": 0,
    "lang": "en",
    "updated": 0
  }
]