[
  {
    "id": "82adc75f-6ebd-47c4-85dc-6e9b34eec99c",
    "data": [
      {
        "text": "i want to book a table for ",
        "userDefined": false
      },
      {
        "text": "2",
        "meta": "@sys.number",
        "alias": "number",
        "userDefined": true
      },
      {
        "text": " people ar ",
        "userDefined": false
      },
      {
        "text": "9 am",
        "meta": "@sys.time",
        "alias": "time",
        "userDefined": true
      }
    ],
    "isTemplate": false,
    "count": 0,
    "lang": "en",
    "updated": 0
  },
  {
    "id": "fd5fcd7c-bd2a-4054-95cb-524d9de3e071",
    "data": [
      {
        "text": "could you help me book a seat at ",
        "userDefined": false
      },
      {
        "text": "9 am",
        "meta": "@sys.time",
        "alias": "time",
        "userDefined": true
      }
    ],
    "isTemplate": false,
    "count": 0,
    "lang": "en",
    "updated": 0
  },
  {
    "id": "e6b90795-26f0-4d78-ae25-3c84783b4ba3",
    "data": [
      {
        "text": "i want to book a seat at ",
        "userDefined": false
      },
      {
        "text": "9 pm",
        "meta": "@sys.time",
        "alias": "time",
        "userDefined": true
      }
    ],
    "isTemplate": false,
    "count": 0,
    "lang": "en",
    "updated": 0
  },
  {
    "id": "7e6ec018-f9fe-431f-9d12-b41df5021a75",
    "data": [
      {
        "text": "can i book a seat for ",
        "userDefined": false
      },
      {
        "text": "2",
        "meta": "@sys.number",
        "alias": "number",
        "userDefined": true
      },
      {
        "text": " people",
        "userDefined": false
      }
    ],
    "isTemplate": false,
    "count": 0,
    "lang": "en",
    "updated": 0
  },
  {
    "id": "6921516d-71e2-49c7-86a4-3c3cbe929e26",
    "data": [
      {
        "text": "book a seat",
        "userDefined": false
      }
    ],
    "isTemplate": false,
    "count": 0,
    "lang": "en",
    "updated": 0
  },
  {
    "id": "c204604d-059d-45d8-9b28-9ea76bf88b34",
    "data": [
      {
        "text": "i want to reserve a table",
        "userDefined": false
      }
    ],
    "isTemplate": false,
    "count": 0,
    "lang": "en",
    "updated": 0
  },
  {
    "id": "f413269d-ce35-4764-8466-4b6a0103778a",
    "data": [
      {
        "text": "can i reserve a table",
        "userDefined": false
      }
    ],
    "isTemplate": false,
    "count": 0,
    "lang": "en",
    "updated": 0
  },
  {
    "id": "fc73e663-e555-46e7-973c-2ca2181f9ff8",
    "data": [
      {
        "text": "can I book a table",
        "userDefined": false
      }
    ],
    "isTemplate": false,
    "count": 0,
    "lang": "en",
    "updated": 0
  },
  {
    "id": "11377a3d-026b-4ee2-8494-1796bccd7f6b",
    "data": [
      {
        "text": "i want to book a table",
        "userDefined": false
      }
    ],
    "isTemplate": false,
    "count": 0,
    "lang": "en",
    "updated": 0
  },
  {
    "id": "60dbf005-e57f-4709-80cb-932b4c791d38",
    "data": [
      {
        "text": "book a table",
        "userDefined": false
      }
    ],
    "isTemplate": false,
    "count": 0,
    "lang": "en",
    "updated": 0
  }
]