[
  {
    "id": "d4b90f46-abde-4066-91d8-5c37bfdc1483",
    "data": [
      {
        "text": "i want to reserve a ",
        "userDefined": false
      },
      {
        "text": "single",
        "meta": "@roomTpye",
        "alias": "roomTpye",
        "userDefined": true
      },
      {
        "text": " room for ",
        "userDefined": false
      },
      {
        "text": "two",
        "meta": "@sys.number",
        "alias": "number",
        "userDefined": true
      },
      {
        "text": " people",
        "userDefined": false
      }
    ],
    "isTemplate": false,
    "count": 0,
    "lang": "en",
    "updated": 0
  },
  {
    "id": "6e286743-2038-4a77-8a14-2a36519469b3",
    "data": [
      {
        "text": "can I reserve a room",
        "userDefined": false
      }
    ],
    "isTemplate": false,
    "count": 0,
    "lang": "en",
    "updated": 0
  },
  {
    "id": "5bcb3f56-52e7-4e6e-b769-6a098bea4818",
    "data": [
      {
        "text": "can I book a room",
        "userDefined": false
      }
    ],
    "isTemplate": false,
    "count": 0,
    "lang": "en",
    "updated": 0
  },
  {
    "id": "156fa019-c028-4416-98eb-c5fdababb679",
    "data": [
      {
        "text": "please help me book a ",
        "userDefined": false
      },
      {
        "text": "single",
        "meta": "@roomTpye",
        "alias": "roomTpye",
        "userDefined": true
      },
      {
        "text": " room on ",
        "userDefined": false
      },
      {
        "text": "Friday",
        "meta": "@sys.date",
        "alias": "date",
        "userDefined": true
      }
    ],
    "isTemplate": false,
    "count": 0,
    "lang": "en",
    "updated": 0
  },
  {
    "id": "536fde0d-1f40-41e2-a1ad-a26cd99bd451",
    "data": [
      {
        "text": "book ",
        "userDefined": false
      },
      {
        "text": "one",
        "meta": "@sys.number",
        "alias": "number",
        "userDefined": true
      },
      {
        "text": " room",
        "userDefined": false
      }
    ],
    "isTemplate": false,
    "count": 0,
    "lang": "en",
    "updated": 0
  },
  {
    "id": "a60b83fe-d7ab-4ef8-a842-dd45c6d2d664",
    "data": [
      {
        "text": "i want to book a suite room on ",
        "userDefined": false
      },
      {
        "text": "Tusday",
        "meta": "@sys.date",
        "alias": "date",
        "userDefined": true
      }
    ],
    "isTemplate": false,
    "count": 0,
    "lang": "en",
    "updated": 0
  },
  {
    "id": "3afb1be6-a4ea-43c9-952e-3d68f467de0d",
    "data": [
      {
        "text": "can I book a triple room on ",
        "userDefined": false
      },
      {
        "text": "April 4",
        "meta": "@sys.date",
        "alias": "date",
        "userDefined": true
      }
    ],
    "isTemplate": false,
    "count": 0,
    "lang": "en",
    "updated": 0
  },
  {
    "id": "fc97ade5-400a-4611-9fdb-1878a364805b",
    "data": [
      {
        "text": "reserve a ",
        "userDefined": false
      },
      {
        "text": "single",
        "meta": "@roomTpye",
        "alias": "roomTpye",
        "userDefined": true
      },
      {
        "text": " room",
        "userDefined": false
      }
    ],
    "isTemplate": false,
    "count": 0,
    "lang": "en",
    "updated": 0
  },
  {
    "id": "424b84ca-c733-40df-ac66-e33eaa2cb483",
    "data": [
      {
        "text": "book a ",
        "userDefined": false
      },
      {
        "text": "double",
        "meta": "@roomTpye",
        "alias": "roomTpye",
        "userDefined": true
      },
      {
        "text": " room for ",
        "userDefined": false
      },
      {
        "text": "two",
        "meta": "@sys.ignore",
        "userDefined": true
      },
      {
        "text": " days",
        "userDefined": false
      }
    ],
    "isTemplate": false,
    "count": 0,
    "lang": "en",
    "updated": 0
  }
]