[
  {
    "id": "14fc1cbc-d3a3-47a0-98e2-8e91d6aa7e13",
    "data": [
      {
        "text": "return please",
        "userDefined": false
      }
    ],
    "isTemplate": false,
    "count": 0,
    "lang": "en",
    "updated": 0
  },
  {
    "id": "d526f022-0411-49b8-ac5e-5780835e0783",
    "data": [
      {
        "text": "please return",
        "userDefined": false
      }
    ],
    "isTemplate": false,
    "count": 0,
    "lang": "en",
    "updated": 0
  },
  {
    "id": "bd230ffa-e022-4ff5-9823-4494a7965375",
    "data": [
      {
        "text": "i want to return",
        "userDefined": false
      }
    ],
    "isTemplate": false,
    "count": 0,
    "lang": "en",
    "updated": 0
  },
  {
    "id": "6f0bf87d-fba1-4054-8860-7193b5de6e11",
    "data": [
      {
        "text": "go back",
        "userDefined": false
      }
    ],
    "isTemplate": false,
    "count": 0,
    "lang": "en",
    "updated": 0
  },
  {
    "id": "70976d63-b55f-4dfe-83fc-6b2479155ec0",
    "data": [
      {
        "text": "return",
        "userDefined": false
      }
    ],
    "isTemplate": false,
    "count": 0,
    "lang": "en",
    "updated": 0
  }
]