[
  {
    "id": "8e49c4cc-b1e5-48ae-ab4f-6ad8be27b808",
    "data": [
      {
        "text": "some room picures",
        "userDefined": false
      }
    ],
    "isTemplate": false,
    "count": 0,
    "lang": "en",
    "updated": 0
  },
  {
    "id": "40cbeb0c-9b2c-428a-9fd9-e2e6c66ee5ff",
    "data": [
      {
        "text": "some pictures please",
        "userDefined": false
      }
    ],
    "isTemplate": false,
    "count": 0,
    "lang": "en",
    "updated": 0
  },
  {
    "id": "26f5b702-c78a-440d-bcfc-80e962e84727",
    "data": [
      {
        "text": "i want to see the picture",
        "userDefined": false
      }
    ],
    "isTemplate": false,
    "count": 0,
    "lang": "en",
    "updated": 0
  },
  {
    "id": "b9420c29-eaf2-4e17-add3-cad46d96a601",
    "data": [
      {
        "text": "can I see the picture of room",
        "userDefined": false
      }
    ],
    "isTemplate": false,
    "count": 0,
    "lang": "en",
    "updated": 0
  },
  {
    "id": "13578415-f7d2-4533-8a8f-3fffc87d9444",
    "data": [
      {
        "text": "room pics",
        "userDefined": false
      }
    ],
    "isTemplate": false,
    "count": 0,
    "lang": "en",
    "updated": 0
  },
  {
    "id": "eccdd040-7be2-4f71-a6bc-03d0f3511cb0",
    "data": [
      {
        "text": "room pictures",
        "userDefined": false
      }
    ],
    "isTemplate": false,
    "count": 0,
    "lang": "en",
    "updated": 0
  }
]