[
  {
    "id": "ef068991-8b89-4945-985f-5d0040f67475",
    "data": [
      {
        "text": "could you help me check out",
        "userDefined": false
      }
    ],
    "isTemplate": false,
    "count": 0,
    "lang": "en",
    "updated": 0
  },
  {
    "id": "a31d4f12-3f82-4cdb-8291-79d06e6e3c4d",
    "data": [
      {
        "text": "can I check out",
        "userDefined": false
      }
    ],
    "isTemplate": false,
    "count": 0,
    "lang": "en",
    "updated": 0
  },
  {
    "id": "af1475e4-6fd6-4786-a713-fbf8ea8366e9",
    "data": [
      {
        "text": "i want to check out",
        "userDefined": false
      }
    ],
    "isTemplate": false,
    "count": 0,
    "lang": "en",
    "updated": 0
  },
  {
    "id": "1781c469-cc2f-4a1f-8618-77e686d13a87",
    "data": [
      {
        "text": "check out please",
        "userDefined": false
      }
    ],
    "isTemplate": false,
    "count": 0,
    "lang": "en",
    "updated": 0
  },
  {
    "id": "fb6a81b5-8f02-4948-b3ce-36cedfb39768",
    "data": [
      {
        "text": "check out",
        "userDefined": false
      }
    ],
    "isTemplate": false,
    "count": 0,
    "lang": "en",
    "updated": 0
  }
]