[
  {
    "id": "8cdcc0fd-6a93-49d8-8231-bbd62f7db5f8",
    "data": [
      {
        "text": "Alice",
        "meta": "@sys.given-name",
        "alias": "given-name",
        "userDefined": true
      },
      {
        "text": " is my name",
        "userDefined": false
      }
    ],
    "isTemplate": false,
    "count": 0,
    "lang": "en",
    "updated": 0
  },
  {
    "id": "e4c12f54-098e-4bf1-b446-6138e41d8e1e",
    "data": [
      {
        "text": "i am ",
        "userDefined": false
      },
      {
        "text": "Ross",
        "meta": "@sys.given-name",
        "alias": "given-name",
        "userDefined": true
      }
    ],
    "isTemplate": false,
    "count": 0,
    "lang": "en",
    "updated": 0
  },
  {
    "id": "068833a8-ed1c-4b41-bf36-856d07f02bc0",
    "data": [
      {
        "text": "Tommy",
        "meta": "@sys.given-name",
        "alias": "given-name",
        "userDefined": true
      }
    ],
    "isTemplate": false,
    "count": 0,
    "lang": "en",
    "updated": 0
  },
  {
    "id": "aeb09ba7-8d54-4757-88c3-60f9d158769e",
    "data": [
      {
        "text": "my name is ",
        "userDefined": false
      },
      {
        "text": "RossT",
        "meta": "@sys.given-name",
        "alias": "given-name",
        "userDefined": true
      }
    ],
    "isTemplate": false,
    "count": 0,
    "lang": "en",
    "updated": 0
  }
]