[
  {
    "id": "9d644391-e861-45ef-a8fe-34398c4ec2c6",
    "data": [
      {
        "text": "go back please",
        "userDefined": false
      }
    ],
    "isTemplate": false,
    "count": 0,
    "lang": "en",
    "updated": 0
  },
  {
    "id": "1e6bcb40-4f74-4459-8c3e-09b85740a22c",
    "data": [
      {
        "text": "return back please",
        "userDefined": false
      }
    ],
    "isTemplate": false,
    "count": 0,
    "lang": "en",
    "updated": 0
  },
  {
    "id": "274a6c3f-be9d-4a02-8caa-d4217543915b",
    "data": [
      {
        "text": "i want other services",
        "userDefined": false
      }
    ],
    "isTemplate": false,
    "count": 0,
    "lang": "en",
    "updated": 0
  },
  {
    "id": "4b692186-69bc-42f5-b0f9-1dbc05178852",
    "data": [
      {
        "text": "can i go back",
        "userDefined": false
      }
    ],
    "isTemplate": false,
    "count": 0,
    "lang": "en",
    "updated": 0
  },
  {
    "id": "1ec73e94-6e34-4cbc-ae02-b6c251d6507a",
    "data": [
      {
        "text": "can i return back",
        "userDefined": false
      }
    ],
    "isTemplate": false,
    "count": 0,
    "lang": "en",
    "updated": 0
  },
  {
    "id": "9faf0459-b1c4-4191-ad2b-9ec7b0145ace",
    "data": [
      {
        "text": "go back",
        "userDefined": false
      }
    ],
    "isTemplate": false,
    "count": 0,
    "lang": "en",
    "updated": 0
  },
  {
    "id": "905a543e-f411-43d1-878b-fd94fe265df9",
    "data": [
      {
        "text": "return back",
        "userDefined": false
      }
    ],
    "isTemplate": false,
    "count": 0,
    "lang": "en",
    "updated": 0
  },
  {
    "id": "fed92f63-7159-476e-aecd-441c620fbacf",
    "data": [
      {
        "text": "return",
        "userDefined": false
      }
    ],
    "isTemplate": false,
    "count": 0,
    "lang": "en",
    "updated": 0
  }
]