[
  {
    "id": "1dabcbf5-90a9-489e-81d7-b8d7b6a7e90b",
    "data": [
      {
        "text": "i want to check in",
        "userDefined": false
      }
    ],
    "isTemplate": false,
    "count": 0,
    "lang": "en",
    "updated": 0
  },
  {
    "id": "3234d98f-181b-44c3-b398-d4d6e8049310",
    "data": [
      {
        "text": "could you help me check in",
        "userDefined": false
      }
    ],
    "isTemplate": false,
    "count": 0,
    "lang": "en",
    "updated": 0
  },
  {
    "id": "c5b4e5bf-9729-4786-906a-14c527d2187d",
    "data": [
      {
        "text": "check in please",
        "userDefined": false
      }
    ],
    "isTemplate": false,
    "count": 0,
    "lang": "en",
    "updated": 0
  },
  {
    "id": "897bad7c-12fa-4f06-81e4-eeb94effcdfc",
    "data": [
      {
        "text": "can I check in",
        "userDefined": false
      }
    ],
    "isTemplate": false,
    "count": 0,
    "lang": "en",
    "updated": 0
  },
  {
    "id": "886e2765-5c43-4949-8deb-d4b6c5945139",
    "data": [
      {
        "text": "check in",
        "userDefined": false
      }
    ],
    "isTemplate": false,
    "count": 0,
    "lang": "en",
    "updated": 0
  },
  {
    "id": "42b8d406-654c-4cf5-9067-7e8d1e82193a",
    "data": [
      {
        "text": "check-in please",
        "userDefined": false
      }
    ],
    "isTemplate": false,
    "count": 0,
    "lang": "en",
    "updated": 0
  }
]