[
  {
    "id": "79343664-9d7b-40fe-9cf9-4f0fc1b16ce5",
    "data": [
      {
        "text": "Ross",
        "meta": "@sys.given-name",
        "alias": "given-name",
        "userDefined": true
      },
      {
        "text": " is my name",
        "userDefined": false
      }
    ],
    "isTemplate": false,
    "count": 0,
    "lang": "en",
    "updated": 0
  },
  {
    "id": "1710d6f6-0ab8-42e0-a63a-2a6b9e64bc56",
    "data": [
      {
        "text": "i am ",
        "userDefined": false
      },
      {
        "text": "Alice",
        "meta": "@sys.given-name",
        "alias": "given-name",
        "userDefined": true
      }
    ],
    "isTemplate": false,
    "count": 0,
    "lang": "en",
    "updated": 0
  },
  {
    "id": "d4ec1899-36ff-4fd1-aae5-b79a4a29c916",
    "data": [
      {
        "text": "Tommy",
        "meta": "@sys.given-name",
        "alias": "given-name",
        "userDefined": true
      }
    ],
    "isTemplate": false,
    "count": 0,
    "lang": "en",
    "updated": 0
  },
  {
    "id": "718744da-ac7d-4a6a-b270-783541e7673c",
    "data": [
      {
        "text": "my name is ",
        "userDefined": false
      },
      {
        "text": "Ross",
        "meta": "@sys.given-name",
        "alias": "given-name",
        "userDefined": true
      }
    ],
    "isTemplate": false,
    "count": 0,
    "lang": "en",
    "updated": 0
  }
]