[
  {
    "id": "8af509ac-7b1c-46f9-8ff8-8a592e01a516",
    "data": [
      {
        "text": "i want to eat",
        "userDefined": false
      }
    ],
    "isTemplate": false,
    "count": 0,
    "lang": "en",
    "updated": 0
  },
  {
    "id": "cf51fcbe-bf54-4672-a8a6-f5752a1e36aa",
    "data": [
      {
        "text": "is there something to eat?",
        "userDefined": false
      }
    ],
    "isTemplate": false,
    "count": 0,
    "lang": "en",
    "updated": 0
  },
  {
    "id": "06e8827c-b694-42a7-8445-bfee9b323c2d",
    "data": [
      {
        "text": "i want to eat something",
        "userDefined": false
      }
    ],
    "isTemplate": false,
    "count": 0,
    "lang": "en",
    "updated": 0
  },
  {
    "id": "6815fcb6-ca37-478b-b8b0-7d63852227cc",
    "data": [
      {
        "text": "food service please",
        "userDefined": false
      }
    ],
    "isTemplate": false,
    "count": 0,
    "lang": "en",
    "updated": 0
  },
  {
    "id": "671fd386-2723-4431-905b-ea8c91720383",
    "data": [
      {
        "text": "can I have food service",
        "userDefined": false
      }
    ],
    "isTemplate": false,
    "count": 0,
    "lang": "en",
    "updated": 0
  },
  {
    "id": "3ac0ed9f-2fac-4883-b112-359d2bd0dd5f",
    "data": [
      {
        "text": "food service",
        "userDefined": false
      }
    ],
    "isTemplate": false,
    "count": 0,
    "lang": "en",
    "updated": 0
  },
  {
    "id": "face5977-6eb3-4bc9-a095-2fea4b1ae6aa",
    "data": [
      {
        "text": "Can I order food?",
        "userDefined": false
      }
    ],
    "isTemplate": false,
    "count": 0,
    "lang": "en",
    "updated": 0
  },
  {
    "id": "16a02726-8410-49c0-b7af-6834c4ef9008",
    "data": [
      {
        "text": "I would like to order food.",
        "userDefined": false
      }
    ],
    "isTemplate": false,
    "count": 0,
    "lang": "en",
    "updated": 0
  },
  {
    "id": "9be86159-513b-4e89-87f5-39c662df7549",
    "data": [
      {
        "text": " I am very hungry",
        "userDefined": false
      }
    ],
    "isTemplate": false,
    "count": 0,
    "lang": "en",
    "updated": 0
  },
  {
    "id": "c790abfd-9db4-408e-80bf-4cb0c5705c1e",
    "data": [
      {
        "text": "I want to order food.",
        "userDefined": false
      }
    ],
    "isTemplate": false,
    "count": 0,
    "lang": "en",
    "updated": 0
  },
  {
    "id": "b98b0075-a0ca-403e-95a8-281d8e96720b",
    "data": [
      {
        "text": "order food",
        "userDefined": false
      }
    ],
    "isTemplate": false,
    "count": 0,
    "lang": "en",
    "updated": 0
  }
]