[
  {
    "id": "b16f9ef1-c40b-4e7a-ad6a-07ad3a9ccab7",
    "data": [
      {
        "text": "return back",
        "userDefined": false
      }
    ],
    "isTemplate": false,
    "count": 0,
    "lang": "en",
    "updated": 0
  },
  {
    "id": "6d1d2c57-9f70-4582-bf8e-0dc05bb4a4c8",
    "data": [
      {
        "text": "go back please",
        "userDefined": false
      }
    ],
    "isTemplate": false,
    "count": 0,
    "lang": "en",
    "updated": 0
  },
  {
    "id": "4ee93d47-6de3-40f2-9d54-fb89716b8142",
    "data": [
      {
        "text": "return please",
        "userDefined": false
      }
    ],
    "isTemplate": false,
    "count": 0,
    "lang": "en",
    "updated": 0
  },
  {
    "id": "858faad2-4b0a-401c-8e7d-7404c1ef96fb",
    "data": [
      {
        "text": "back please",
        "userDefined": false
      }
    ],
    "isTemplate": false,
    "count": 0,
    "lang": "en",
    "updated": 0
  },
  {
    "id": "3ae1577d-0db8-4003-aeea-f18fa9bce5ca",
    "data": [
      {
        "text": "anyone else",
        "userDefined": false
      }
    ],
    "isTemplate": false,
    "count": 0,
    "lang": "en",
    "updated": 0
  },
  {
    "id": "b3af523a-bb34-4c94-954a-a4f094ba3a25",
    "data": [
      {
        "text": "other serices",
        "userDefined": false
      }
    ],
    "isTemplate": false,
    "count": 0,
    "lang": "en",
    "updated": 0
  },
  {
    "id": "4f05e236-4b14-440c-a0a3-837c074ae1aa",
    "data": [
      {
        "text": "any other service",
        "userDefined": false
      }
    ],
    "isTemplate": false,
    "count": 0,
    "lang": "en",
    "updated": 0
  },
  {
    "id": "d9a342f3-4a72-4c85-bdb3-29ee0751bfae",
    "data": [
      {
        "text": "back",
        "userDefined": false
      }
    ],
    "isTemplate": false,
    "count": 0,
    "lang": "en",
    "updated": 0
  },
  {
    "id": "94c0fb1e-7f69-489b-adba-158b6e0390ba",
    "data": [
      {
        "text": "go back",
        "userDefined": false
      }
    ],
    "isTemplate": false,
    "count": 0,
    "lang": "en",
    "updated": 0
  },
  {
    "id": "2f38b567-0852-408b-bc1a-fee0ef6bb355",
    "data": [
      {
        "text": "return",
        "userDefined": false
      }
    ],
    "isTemplate": false,
    "count": 0,
    "lang": "en",
    "updated": 0
  }
]