[
  {
    "id": "f8315ba8-73e3-42e6-93fe-69a6b163ba77",
    "data": [
      {
        "text": "are there specials",
        "userDefined": false
      }
    ],
    "isTemplate": false,
    "count": 0,
    "lang": "en",
    "updated": 0
  },
  {
    "id": "105eee31-e64c-4876-834d-680837eb56ae",
    "data": [
      {
        "text": "specials",
        "userDefined": false
      }
    ],
    "isTemplate": false,
    "count": 0,
    "lang": "en",
    "updated": 0
  },
  {
    "id": "5d0f3d8b-cadf-462d-86c3-9c819bfba852",
    "data": [
      {
        "text": "is there a discount?",
        "userDefined": false
      }
    ],
    "isTemplate": false,
    "count": 0,
    "lang": "en",
    "updated": 0
  },
  {
    "id": "ec6e3ad4-2f97-47df-af2d-4f46e8d95863",
    "data": [
      {
        "text": "how is your house special?",
        "userDefined": false
      }
    ],
    "isTemplate": false,
    "count": 0,
    "lang": "en",
    "updated": 0
  },
  {
    "id": "6638865d-992d-4116-959e-7d4f53c97988",
    "data": [
      {
        "text": "can I have your house special?",
        "userDefined": false
      }
    ],
    "isTemplate": false,
    "count": 0,
    "lang": "en",
    "updated": 0
  },
  {
    "id": "03d03e37-7b24-4b53-b96c-f4dc8297c58b",
    "data": [
      {
        "text": "what is the house special today?",
        "userDefined": false
      }
    ],
    "isTemplate": false,
    "count": 0,
    "lang": "en",
    "updated": 0
  },
  {
    "id": "d6be25af-19e4-47da-8eb2-5be303e97440",
    "data": [
      {
        "text": "house specials",
        "userDefined": false
      }
    ],
    "isTemplate": false,
    "count": 0,
    "lang": "en",
    "updated": 0
  }
]