[
  {
    "id": "27c45595-eb2c-4e7f-8254-5305b394dbba",
    "data": [
      {
        "text": "return back",
        "userDefined": false
      }
    ],
    "isTemplate": false,
    "count": 0,
    "lang": "en",
    "updated": 0
  },
  {
    "id": "cdfdb1ba-f6af-4477-bf41-19be196e0430",
    "data": [
      {
        "text": "please return",
        "userDefined": false
      }
    ],
    "isTemplate": false,
    "count": 0,
    "lang": "en",
    "updated": 0
  },
  {
    "id": "82bcbc1e-0b93-4c73-9986-f1f4a956a9aa",
    "data": [
      {
        "text": "please go back",
        "userDefined": false
      }
    ],
    "isTemplate": false,
    "count": 0,
    "lang": "en",
    "updated": 0
  },
  {
    "id": "ba6469d2-cda8-4092-a42a-4c1cf732d9b1",
    "data": [
      {
        "text": "go back please",
        "userDefined": false
      }
    ],
    "isTemplate": false,
    "count": 0,
    "lang": "en",
    "updated": 0
  },
  {
    "id": "1cb585a7-398c-481a-aab9-338ab2f37e20",
    "data": [
      {
        "text": "return please",
        "userDefined": false
      }
    ],
    "isTemplate": false,
    "count": 0,
    "lang": "en",
    "updated": 0
  },
  {
    "id": "1fc19dca-2793-4b3e-9b68-dc42dd588c57",
    "data": [
      {
        "text": "anyone else",
        "userDefined": false
      }
    ],
    "isTemplate": false,
    "count": 0,
    "lang": "en",
    "updated": 0
  },
  {
    "id": "c5ce4350-6bca-4ade-a7fd-8c945c3f296b",
    "data": [
      {
        "text": "any other service",
        "userDefined": false
      }
    ],
    "isTemplate": false,
    "count": 0,
    "lang": "en",
    "updated": 0
  },
  {
    "id": "e47547c2-3004-47de-94d1-84c6073a6083",
    "data": [
      {
        "text": "other services",
        "userDefined": false
      }
    ],
    "isTemplate": false,
    "count": 0,
    "lang": "en",
    "updated": 0
  },
  {
    "id": "248e485d-804b-4012-b138-60b11b121bdf",
    "data": [
      {
        "text": "back",
        "userDefined": false
      }
    ],
    "isTemplate": false,
    "count": 0,
    "lang": "en",
    "updated": 0
  },
  {
    "id": "f12fc20d-af57-400e-b24f-7122be464909",
    "data": [
      {
        "text": "go back",
        "userDefined": false
      }
    ],
    "isTemplate": false,
    "count": 0,
    "lang": "en",
    "updated": 0
  },
  {
    "id": "258a2d3c-17f1-41ec-8cdd-c737383efe0e",
    "data": [
      {
        "text": "return",
        "userDefined": false
      }
    ],
    "isTemplate": false,
    "count": 0,
    "lang": "en",
    "updated": 0
  }
]