[
  {
    "data": [
      {
        "text": "show me your menu",
        "userDefined": false
      }
    ],
    "isTemplate": false,
    "count": 0,
    "lang": "en",
    "updated": 0
  },
  {
    "data": [
      {
        "text": "show me the memu",
        "userDefined": false
      }
    ],
    "isTemplate": false,
    "count": 0,
    "lang": "en",
    "updated": 0
  },
  {
    "data": [
      {
        "text": "do you have the menu?",
        "userDefined": false
      }
    ],
    "isTemplate": false,
    "count": 0,
    "lang": "en",
    "updated": 0
  },
  {
    "data": [
      {
        "text": "menu please",
        "userDefined": false
      }
    ],
    "isTemplate": false,
    "count": 0,
    "lang": "en",
    "updated": 0
  },
  {
    "id": "e3f5fec9-e50e-4bd7-82c9-872e4fc1c984",
    "data": [
      {
        "text": "I want to know about the menu",
        "userDefined": false
      }
    ],
    "isTemplate": false,
    "count": 0,
    "lang": "en",
    "updated": 0
  },
  {
    "id": "1b640ea7-cb38-4704-8323-f9975f4d7779",
    "data": [
      {
        "text": "what\u0027s the menu?",
        "userDefined": false
      }
    ],
    "isTemplate": false,
    "count": 0,
    "lang": "en",
    "updated": 0
  },
  {
    "id": "9e3fa843-5685-41b8-9577-a431cd455ad7",
    "data": [
      {
        "text": "what\u0027s your menu?",
        "userDefined": false
      }
    ],
    "isTemplate": false,
    "count": 0,
    "lang": "en",
    "updated": 0
  },
  {
    "id": "8142b7d2-4347-46b8-9d2d-86f5a3efe646",
    "data": [
      {
        "text": "can I have the menu?",
        "userDefined": false
      }
    ],
    "isTemplate": false,
    "count": 0,
    "lang": "en",
    "updated": 0
  },
  {
    "id": "bf35fe2d-0817-41a4-a230-6ca7a8ac2c9f",
    "data": [
      {
        "text": "I want the menu",
        "userDefined": false
      }
    ],
    "isTemplate": false,
    "count": 0,
    "lang": "en",
    "updated": 0
  },
  {
    "id": "650a5041-40d5-4bfe-9937-33ea669463fa",
    "data": [
      {
        "text": "could you please give the menu",
        "userDefined": false
      }
    ],
    "isTemplate": false,
    "count": 0,
    "lang": "en",
    "updated": 0
  },
  {
    "id": "45f61dee-bfb7-4575-9fb9-4e5585d23c6a",
    "data": [
      {
        "text": "menu",
        "userDefined": false
      }
    ],
    "isTemplate": false,
    "count": 0,
    "lang": "en",
    "updated": 0
  },
  {
    "id": "eab3c0d7-d700-4850-ae09-1f37d852422d",
    "data": [
      {
        "text": "can I see your menu?",
        "userDefined": false
      }
    ],
    "isTemplate": false,
    "count": 0,
    "lang": "en",
    "updated": 0
  }
]