[
  {
    "id": "78d3884c-fc0f-4f40-829d-4bf0779746a6",
    "data": [
      {
        "text": "return please",
        "userDefined": false
      }
    ],
    "isTemplate": false,
    "count": 0,
    "lang": "en",
    "updated": 0
  },
  {
    "id": "ffef5866-a44d-47e6-a84a-6ccde75a28f0",
    "data": [
      {
        "text": "return back please",
        "userDefined": false
      }
    ],
    "isTemplate": false,
    "count": 0,
    "lang": "en",
    "updated": 0
  },
  {
    "id": "5e8b9859-6a48-4bdc-a53e-850746318782",
    "data": [
      {
        "text": "go back please",
        "userDefined": false
      }
    ],
    "isTemplate": false,
    "count": 0,
    "lang": "en",
    "updated": 0
  },
  {
    "id": "df7a242f-8c8c-4383-a55d-e3420cec8851",
    "data": [
      {
        "text": "can i go back",
        "userDefined": false
      }
    ],
    "isTemplate": false,
    "count": 0,
    "lang": "en",
    "updated": 0
  },
  {
    "id": "f11a6275-d992-44d9-9c91-65a507e49833",
    "data": [
      {
        "text": "can i return back",
        "userDefined": false
      }
    ],
    "isTemplate": false,
    "count": 0,
    "lang": "en",
    "updated": 0
  },
  {
    "id": "27c6c2de-762f-424d-a15e-1d94060fdbae",
    "data": [
      {
        "text": "i want to return back",
        "userDefined": false
      }
    ],
    "isTemplate": false,
    "count": 0,
    "lang": "en",
    "updated": 0
  },
  {
    "id": "59aa1e7b-9540-46f3-808c-b1eed631a70f",
    "data": [
      {
        "text": "go back",
        "userDefined": false
      }
    ],
    "isTemplate": false,
    "count": 0,
    "lang": "en",
    "updated": 0
  },
  {
    "id": "32c3889c-8559-43cd-b42d-4a08ad6b5b5c",
    "data": [
      {
        "text": "return back",
        "userDefined": false
      }
    ],
    "isTemplate": false,
    "count": 0,
    "lang": "en",
    "updated": 0
  },
  {
    "id": "c437ec33-6302-4404-845e-f8cd43ef8601",
    "data": [
      {
        "text": "return",
        "userDefined": false
      }
    ],
    "isTemplate": false,
    "count": 0,
    "lang": "en",
    "updated": 0
  }
]