[
  {
    "id": "6a84bd9f-6bfb-434d-976a-42a3af15fbf0",
    "data": [
      {
        "text": "can i resume game",
        "userDefined": false
      }
    ],
    "isTemplate": false,
    "count": 0,
    "lang": "en",
    "updated": 0
  },
  {
    "id": "21553b0b-f7ff-4b0a-91b0-2c1824a2c148",
    "data": [
      {
        "text": "i want to resume game",
        "userDefined": false
      }
    ],
    "isTemplate": false,
    "count": 0,
    "lang": "en",
    "updated": 0
  },
  {
    "id": "4acdbc3a-999e-4b6e-a4ca-13d28d0d2d70",
    "data": [
      {
        "text": "I\u0027d like to resume game",
        "userDefined": false
      }
    ],
    "isTemplate": false,
    "count": 0,
    "lang": "en",
    "updated": 0
  },
  {
    "id": "9038e11a-123e-451d-b03d-5b40cf131998",
    "data": [
      {
        "text": "resume",
        "userDefined": false
      }
    ],
    "isTemplate": false,
    "count": 0,
    "lang": "en",
    "updated": 0
  }
]