[
  {
    "id": "c826e9a5-f654-4bb4-8faf-b419a7f1f4a8",
    "data": [
      {
        "text": "Ross",
        "meta": "@sys.given-name",
        "alias": "given-name",
        "userDefined": true
      }
    ],
    "isTemplate": false,
    "count": 0,
    "lang": "en",
    "updated": 0
  },
  {
    "id": "7ab75a9a-0086-4bcd-85d4-a104010f209d",
    "data": [
      {
        "text": "i am ",
        "userDefined": false
      },
      {
        "text": "Tommy",
        "meta": "@sys.given-name",
        "alias": "given-name",
        "userDefined": true
      }
    ],
    "isTemplate": false,
    "count": 0,
    "lang": "en",
    "updated": 0
  },
  {
    "id": "ca337c31-5407-4a3c-be88-07996fd11d5b",
    "data": [
      {
        "text": "my name is ",
        "userDefined": false
      },
      {
        "text": "Robert",
        "meta": "@sys.given-name",
        "alias": "given-name",
        "userDefined": true
      }
    ],
    "isTemplate": false,
    "count": 0,
    "lang": "en",
    "updated": 0
  }
]