[
  {
    "id": "6ad805cc-e604-4a72-ada3-26c9b44ed33d",
    "data": [
      {
        "text": "i want to start",
        "userDefined": false
      }
    ],
    "isTemplate": false,
    "count": 0,
    "lang": "en",
    "updated": 0
  },
  {
    "id": "51cc1281-939a-424d-92eb-85c39c27e5b6",
    "data": [
      {
        "text": "new start",
        "userDefined": false
      }
    ],
    "isTemplate": false,
    "count": 0,
    "lang": "en",
    "updated": 0
  },
  {
    "id": "9cc082e0-0ec4-4b4d-9862-5ea14842e99d",
    "data": [
      {
        "text": "start",
        "userDefined": false
      }
    ],
    "isTemplate": false,
    "count": 0,
    "lang": "en",
    "updated": 0
  }
]