[
  {
    "id": "0b596058-ad1b-489c-a08c-b8c524a303c4",
    "data": [
      {
        "text": "can I have some stuff?",
        "userDefined": false
      }
    ],
    "isTemplate": false,
    "count": 0,
    "lang": "en",
    "updated": 0
  },
  {
    "id": "edef2c7a-3fc3-41d2-a5e8-48cb6d0d4bae",
    "data": [
      {
        "text": "i want a ",
        "userDefined": false
      },
      {
        "text": "blue",
        "meta": "@sys.color",
        "alias": "color",
        "userDefined": false
      },
      {
        "text": " ",
        "userDefined": false
      },
      {
        "text": "ball",
        "meta": "@stuff",
        "alias": "stuff",
        "userDefined": false
      }
    ],
    "isTemplate": false,
    "count": 0,
    "lang": "en",
    "updated": 0
  },
  {
    "id": "ea774df3-c4a4-4ee2-a74a-f55cd744ed7b",
    "data": [
      {
        "text": "i want something for ",
        "userDefined": false
      },
      {
        "text": "chrismas",
        "meta": "@festival",
        "alias": "festival",
        "userDefined": false
      }
    ],
    "isTemplate": false,
    "count": 0,
    "lang": "en",
    "updated": 0
  },
  {
    "id": "6686107e-7e8c-4859-a806-f90778ded691",
    "data": [
      {
        "text": "start",
        "userDefined": false
      }
    ],
    "isTemplate": false,
    "count": 1,
    "lang": "en",
    "updated": 0
  },
  {
    "id": "ca18b119-5381-4339-87a2-23dc6f8e8aa4",
    "data": [
      {
        "text": "i want a stuff for ",
        "userDefined": false
      },
      {
        "text": "chrismas",
        "meta": "@festival",
        "alias": "festival",
        "userDefined": false
      }
    ],
    "isTemplate": false,
    "count": 0,
    "lang": "en",
    "updated": 0
  },
  {
    "id": "20776620-0ba3-4bd2-badd-0e1100b91cae",
    "data": [
      {
        "text": "can I have a stuff for ",
        "userDefined": false
      },
      {
        "text": "Chrismas",
        "meta": "@festival",
        "alias": "festival",
        "userDefined": false
      }
    ],
    "isTemplate": false,
    "count": 0,
    "lang": "en",
    "updated": 0
  },
  {
    "id": "f5ac8df7-4f49-4ab8-8eef-037910af6960",
    "data": [
      {
        "text": "i want a ",
        "userDefined": false
      },
      {
        "text": "ball",
        "meta": "@stuff",
        "alias": "stuff",
        "userDefined": false
      }
    ],
    "isTemplate": false,
    "count": 0,
    "lang": "en",
    "updated": 0
  },
  {
    "id": "d1e060c6-1bfc-41b7-b88e-13b9ad3070de",
    "data": [
      {
        "text": "i like ",
        "userDefined": false
      },
      {
        "text": "blue",
        "meta": "@sys.color",
        "alias": "color",
        "userDefined": true
      }
    ],
    "isTemplate": false,
    "count": 0,
    "lang": "en",
    "updated": 0
  },
  {
    "id": "4497e6aa-323e-41d1-b463-2786222993d0",
    "data": [
      {
        "text": "i want a ",
        "userDefined": false
      },
      {
        "text": "blue",
        "meta": "@sys.color",
        "alias": "color",
        "userDefined": true
      },
      {
        "text": " ",
        "userDefined": false
      },
      {
        "text": "ball",
        "meta": "@stuff",
        "alias": "stuff",
        "userDefined": true
      },
      {
        "text": " for ",
        "userDefined": false
      },
      {
        "text": "Chrismas",
        "meta": "@festival",
        "alias": "festival",
        "userDefined": true
      }
    ],
    "isTemplate": false,
    "count": 0,
    "lang": "en",
    "updated": 0
  },
  {
    "id": "613de689-ae1c-4e70-8864-cf4fa8ace793",
    "data": [
      {
        "text": "i want something",
        "userDefined": false
      }
    ],
    "isTemplate": false,
    "count": 0,
    "lang": "en",
    "updated": 0
  }
]