[
  {
    "id": "793fc96c-45a4-41ef-ab8c-937ebb2b2817",
    "data": [
      {
        "text": "a ",
        "userDefined": false
      },
      {
        "text": "ball",
        "meta": "@stuff",
        "alias": "stuff",
        "userDefined": false
      }
    ],
    "isTemplate": false,
    "count": 0,
    "lang": "en",
    "updated": 0
  },
  {
    "id": "32b66a03-b36a-4635-b7eb-fb8f89e604d5",
    "data": [
      {
        "text": "ball",
        "meta": "@stuff",
        "alias": "stuff",
        "userDefined": true
      }
    ],
    "isTemplate": false,
    "count": 0,
    "lang": "en",
    "updated": 0
  }
]