[
  {
    "id": "24687c32-09c5-462e-916e-b388b1b6a382",
    "data": [
      {
        "text": "new year",
        "meta": "@festival",
        "alias": "festival",
        "userDefined": true
      }
    ],
    "isTemplate": false,
    "count": 0,
    "lang": "en",
    "updated": 0
  },
  {
    "id": "133612cd-3704-4a87-b1ac-4c750db2640b",
    "data": [
      {
        "text": "Chrismas",
        "meta": "@festival",
        "alias": "festival",
        "userDefined": true
      }
    ],
    "isTemplate": false,
    "count": 0,
    "lang": "en",
    "updated": 0
  }
]